"キーワード","指定時の原文","種別","投入群","抽出元","月間平均検索ボリューム","競合性","上部掲載単価（低額帯）","上部掲載単価（高額帯）","3か月の推移","前年比の推移","広告インプレッションシェア","対象期間","地域","言語","ネットワーク","取得日","備考"
"運送 業 資金繰り","運送業 資金繰り","指定KW","資金繰り系","Keyword Planner「新しいキーワードを見つける」","10～100","低","￥270","￥1,389","0%","0%","—","2025年7月～2026年6月（過去12か月）","日本","日本語（指標照合のみ全言語）","Google","2026-08-11",""
"運送 業 運転 資金","運送業 運転資金","指定KW","資金繰り系","Keyword Planner「新しいキーワードを見つける」","10～100","低","￥582","￥1,810","0%","0%","—","2025年7月～2026年6月（過去12か月）","日本","日本語（指標照合のみ全言語）","Google","2026-08-11",""
"運送 会社 資金 不足","運送会社 資金不足","指定KW","資金繰り系","Keyword Planner「新しいキーワードを見つける」","0～10","—","—","—","—","—","—","2025年7月～2026年6月（過去12か月）","日本","日本語（指標照合のみ全言語）","Google","2026-08-11",""
"運送 会社 お金 が ない","運送会社 お金がない","指定KW","資金繰り系","Keyword Planner「新しいキーワードを見つける」","0～10","—","—","—","—","—","—","2025年7月～2026年6月（過去12か月）","日本","日本語（指標照合のみ全言語）","Google","2026-08-11",""
"運送 会社 資金 ショート","運送会社 資金ショート","指定KW","資金繰り系","Keyword Planner「新しいキーワードを見つける」","0～10","—","—","—","—","—","—","2025年7月～2026年6月（過去12か月）","日本","日本語（指標照合のみ全言語）","Google","2026-08-11",""
"運送 業 支払い 間に合わ ない","運送業 支払い 間に合わない","指定KW","資金繰り系","Keyword Planner「新しいキーワードを見つける」","0～10","—","—","—","—","—","—","2025年7月～2026年6月（過去12か月）","日本","日本語（指標照合のみ全言語）","Google","2026-08-11",""
"運送 会社 燃料 代 支払い","運送会社 燃料代 支払い","指定KW","燃料・給与・固定費系","Keyword Planner「新しいキーワードを見つける」","0～10","—","—","—","—","—","—","2025年7月～2026年6月（過去12か月）","日本","日本語（指標照合のみ全言語）","Google","2026-08-11",""
"運送 業 燃料 代 払え ない","運送業 燃料代 払えない","指定KW","燃料・給与・固定費系","Keyword Planner「新しいキーワードを見つける」","0～10","—","—","—","—","—","—","2025年7月～2026年6月（過去12か月）","日本","日本語（指標照合のみ全言語）","Google","2026-08-11",""
"運送 会社 給料 払え ない","運送会社 給料 払えない","指定KW","燃料・給与・固定費系","Keyword Planner「新しいキーワードを見つける」","0～10","—","—","—","—","—","—","2025年7月～2026年6月（過去12か月）","日本","日本語（指標照合のみ全言語）","Google","2026-08-11",""
"運送 業 人件 費 資金","運送業 人件費 資金","指定KW","燃料・給与・固定費系","Keyword Planner「新しいキーワードを見つける」","0～10","—","—","—","—","—","—","2025年7月～2026年6月（過去12か月）","日本","日本語（指標照合のみ全言語）","Google","2026-08-11",""
"トラック 車検 費用","トラック 車検 費用","指定KW","車両系","Keyword Planner「新しいキーワードを見つける」","100～1000","低","￥119","￥300","0%","0%","—","2025年7月～2026年6月（過去12か月）","日本","日本語（指標照合のみ全言語）","Google","2026-08-11",""
"軽 トラ 車検 費用","","Google関連候補","関連候補（車両・固定費バッチ）","Keyword Planner「新しいキーワードを見つける」","1000～1万","低","￥62","￥224","0%","0%","—","2025年7月～2026年6月（過去12か月）","日本","日本語（指標照合のみ全言語）","Google","2026-08-11",""
"軽 トラック 車検 費用","","Google関連候補","関連候補（車両・固定費バッチ）","Keyword Planner「新しいキーワードを見つける」","100～1000","低","￥61","￥200","0%","0%","—","2025年7月～2026年6月（過去12か月）","日本","日本語（指標照合のみ全言語）","Google","2026-08-11",""
"軽 トラ 車検 費用 平均","","Google関連候補","関連候補（車両・固定費バッチ）","Keyword Planner「新しいキーワードを見つける」","100～1000","低","￥52","￥182","+900%","+900%","—","2025年7月～2026年6月（過去12か月）","日本","日本語（指標照合のみ全言語）","Google","2026-08-11",""
"2 トントラック 車検 費用","","Google関連候補","関連候補（車両・固定費バッチ）","Keyword Planner「新しいキーワードを見つける」","100～1000","低","￥109","￥643","0%","0%","—","2025年7月～2026年6月（過去12か月）","日本","日本語（指標照合のみ全言語）","Google","2026-08-11",""
"ハイゼット トラック 車検 費用","","Google関連候補","関連候補（車両・固定費バッチ）","Keyword Planner「新しいキーワードを見つける」","10～100","低","—","—","0%","-90%","—","2025年7月～2026年6月（過去12か月）","日本","日本語（指標照合のみ全言語）","Google","2026-08-11",""
"大型 トラック 車検 費用","","Google関連候補","関連候補（車両・固定費バッチ）","Keyword Planner「新しいキーワードを見つける」","100～1000","低","—","—","0%","0%","—","2025年7月～2026年6月（過去12か月）","日本","日本語（指標照合のみ全言語）","Google","2026-08-11",""
"軽 トラック の 車検 費用","","Google関連候補","関連候補（車両・固定費バッチ）","Keyword Planner「新しいキーワードを見つける」","100～1000","低","￥61","￥200","0%","0%","—","2025年7月～2026年6月（過去12か月）","日本","日本語（指標照合のみ全言語）","Google","2026-08-11",""
"軽 トラ の 車検 代","","Google関連候補","関連候補（車両・固定費バッチ）","Keyword Planner「新しいキーワードを見つける」","100～1000","低","￥63","￥269","0%","0%","—","2025年7月～2026年6月（過去12か月）","日本","日本語（指標照合のみ全言語）","Google","2026-08-11",""
"軽 トラ の 車検 費用","","Google関連候補","関連候補（車両・固定費バッチ）","Keyword Planner「新しいキーワードを見つける」","1000～1万","低","￥62","￥224","0%","0%","—","2025年7月～2026年6月（過去12か月）","日本","日本語（指標照合のみ全言語）","Google","2026-08-11",""
"4 トントラック 車検 費用","","Google関連候補","関連候補（車両・固定費バッチ）","Keyword Planner「新しいキーワードを見つける」","100～1000","低","￥84","￥596","-90%","-90%","—","2025年7月～2026年6月（過去12か月）","日本","日本語（指標照合のみ全言語）","Google","2026-08-11",""
"軽 トラ 車検 料金","","Google関連候補","関連候補（車両・固定費バッチ）","Keyword Planner「新しいキーワードを見つける」","10～100","中","￥69","￥149","0%","0%","—","2025年7月～2026年6月（過去12か月）","日本","日本語（指標照合のみ全言語）","Google","2026-08-11",""
"軽 トラ 車検 相場","","Google関連候補","関連候補（車両・固定費バッチ）","Keyword Planner「新しいキーワードを見つける」","10～100","低","￥68","￥268","0%","0%","—","2025年7月～2026年6月（過去12か月）","日本","日本語（指標照合のみ全言語）","Google","2026-08-11",""
"2t トラック 車検 費用","","Google関連候補","関連候補（車両・固定費バッチ）","Keyword Planner「新しいキーワードを見つける」","100～1000","低","￥117","￥388","0%","0%","—","2025年7月～2026年6月（過去12か月）","日本","日本語（指標照合のみ全言語）","Google","2026-08-11",""
"3 トンダンプ 車検 費用","","Google関連候補","関連候補（車両・固定費バッチ）","Keyword Planner「新しいキーワードを見つける」","10～100","低","￥100","￥260","0%","0%","—","2025年7月～2026年6月（過去12か月）","日本","日本語（指標照合のみ全言語）","Google","2026-08-11",""
"2 トンダンプ 車検 費用","","Google関連候補","関連候補（車両・固定費バッチ）","Keyword Planner「新しいキーワードを見つける」","10～100","低","￥135","￥249","0%","0%","—","2025年7月～2026年6月（過去12か月）","日本","日本語（指標照合のみ全言語）","Google","2026-08-11",""
"軽 トラック 車検 代","","Google関連候補","関連候補（車両・固定費バッチ）","Keyword Planner「新しいキーワードを見つける」","10～100","低","￥63","￥274","0%","0%","—","2025年7月～2026年6月（過去12か月）","日本","日本語（指標照合のみ全言語）","Google","2026-08-11",""
"大型 ダンプ 車検 費用","","Google関連候補","関連候補（車両・固定費バッチ）","Keyword Planner「新しいキーワードを見つける」","10～100","低","—","—","0%","0%","—","2025年7月～2026年6月（過去12か月）","日本","日本語（指標照合のみ全言語）","Google","2026-08-11",""
"2 トントラック 車検 代","","Google関連候補","関連候補（車両・固定費バッチ）","Keyword Planner「新しいキーワードを見つける」","10～100","低","￥108","￥516","0%","0%","—","2025年7月～2026年6月（過去12か月）","日本","日本語（指標照合のみ全言語）","Google","2026-08-11",""
"軽 トラ 車検 費用 相場","","Google関連候補","関連候補（車両・固定費バッチ）","Keyword Planner「新しいキーワードを見つける」","10～100","低","￥40","￥181","0%","0%","—","2025年7月～2026年6月（過去12か月）","日本","日本語（指標照合のみ全言語）","Google","2026-08-11",""
"軽 トラック の 車検 代","","Google関連候補","関連候補（車両・固定費バッチ）","Keyword Planner「新しいキーワードを見つける」","10～100","低","￥63","￥274","0%","0%","—","2025年7月～2026年6月（過去12か月）","日本","日本語（指標照合のみ全言語）","Google","2026-08-11",""
"中型 トラック 車検 費用","","Google関連候補","関連候補（車両・固定費バッチ）","Keyword Planner「新しいキーワードを見つける」","10～100","低","—","—","0%","0%","—","2025年7月～2026年6月（過去12か月）","日本","日本語（指標照合のみ全言語）","Google","2026-08-11",""
"車検 軽 トラ 費用","","Google関連候補","関連候補（車両・固定費バッチ）","Keyword Planner「新しいキーワードを見つける」","1000～1万","低","￥62","￥224","0%","0%","—","2025年7月～2026年6月（過去12か月）","日本","日本語（指標照合のみ全言語）","Google","2026-08-11",""
"大型 車 車検 費用","","Google関連候補","関連候補（車両・固定費バッチ）","Keyword Planner「新しいキーワードを見つける」","10～100","低","—","—","0%","0%","—","2025年7月～2026年6月（過去12か月）","日本","日本語（指標照合のみ全言語）","Google","2026-08-11",""
"トラック の 車検 費用","","Google関連候補","関連候補（車両・固定費バッチ）","Keyword Planner「新しいキーワードを見つける」","100～1000","低","￥119","￥300","0%","0%","—","2025年7月～2026年6月（過去12か月）","日本","日本語（指標照合のみ全言語）","Google","2026-08-11",""
"3 トントラック 車検 費用","","Google関連候補","関連候補（車両・固定費バッチ）","Keyword Planner「新しいキーワードを見つける」","10～100","低","￥100","￥895","0%","0%","—","2025年7月～2026年6月（過去12か月）","日本","日本語（指標照合のみ全言語）","Google","2026-08-11",""
"2t ダンプ 車検 費用","","Google関連候補","関連候補（車両・固定費バッチ）","Keyword Planner「新しいキーワードを見つける」","10～100","低","—","—","0%","0%","—","2025年7月～2026年6月（過去12か月）","日本","日本語（指標照合のみ全言語）","Google","2026-08-11",""
"トラック 車検 費用 相場","","Google関連候補","関連候補（車両・固定費バッチ）","Keyword Planner「新しいキーワードを見つける」","10～100","低","—","—","0%","0%","—","2025年7月～2026年6月（過去12か月）","日本","日本語（指標照合のみ全言語）","Google","2026-08-11",""
"軽 トラ 車検 値段","","Google関連候補","関連候補（車両・固定費バッチ）","Keyword Planner「新しいキーワードを見つける」","10～100","低","￥99","￥239","0%","0%","—","2025年7月～2026年6月（過去12か月）","日本","日本語（指標照合のみ全言語）","Google","2026-08-11",""
"ボンゴ トラック 車検 費用","","Google関連候補","関連候補（車両・固定費バッチ）","Keyword Planner「新しいキーワードを見つける」","10～100","低","—","—","0%","0%","—","2025年7月～2026年6月（過去12か月）","日本","日本語（指標照合のみ全言語）","Google","2026-08-11",""
"1 トントラック 車検 費用","","Google関連候補","関連候補（車両・固定費バッチ）","Keyword Planner「新しいキーワードを見つける」","10～100","低","—","—","0%","0%","—","2025年7月～2026年6月（過去12か月）","日本","日本語（指標照合のみ全言語）","Google","2026-08-11",""
"ダンプ 車検 費用","","Google関連候補","関連候補（車両・固定費バッチ）","Keyword Planner「新しいキーワードを見つける」","10～100","低","—","—","0%","0%","—","2025年7月～2026年6月（過去12か月）","日本","日本語（指標照合のみ全言語）","Google","2026-08-11",""
"軽 トラック 車検 諸 費用","","Google関連候補","関連候補（車両・固定費バッチ）","Keyword Planner「新しいキーワードを見つける」","10～100","低","—","—","0%","0%","—","2025年7月～2026年6月（過去12か月）","日本","日本語（指標照合のみ全言語）","Google","2026-08-11",""
"1.5 t トラック 車検","","Google関連候補","関連候補（車両・固定費バッチ）","Keyword Planner「新しいキーワードを見つける」","10～100","低","—","—","0%","0%","—","2025年7月～2026年6月（過去12か月）","日本","日本語（指標照合のみ全言語）","Google","2026-08-11",""
"1.5 t トラック 車検 費用","","Google関連候補","関連候補（車両・固定費バッチ）","Keyword Planner「新しいキーワードを見つける」","10～100","低","—","—","0%","0%","—","2025年7月～2026年6月（過去12か月）","日本","日本語（指標照合のみ全言語）","Google","2026-08-11",""
"1.5 トントラック 車検","","Google関連候補","関連候補（車両・固定費バッチ）","Keyword Planner「新しいキーワードを見つける」","10～100","低","￥177","￥1,321","0%","0%","—","2025年7月～2026年6月（過去12か月）","日本","日本語（指標照合のみ全言語）","Google","2026-08-11",""
"1.5 トントラック 車検 費用","","Google関連候補","関連候補（車両・固定費バッチ）","Keyword Planner「新しいキーワードを見つける」","10～100","低","￥134","￥284","0%","0%","—","2025年7月～2026年6月（過去12か月）","日本","日本語（指標照合のみ全言語）","Google","2026-08-11",""
"1t トラック 車検 費用","","Google関連候補","関連候補（車両・固定費バッチ）","Keyword Planner「新しいキーワードを見つける」","10～100","低","—","—","0%","0%","—","2025年7月～2026年6月（過去12か月）","日本","日本語（指標照合のみ全言語）","Google","2026-08-11",""
"2t トラック ユーザー 車検 費用","","Google関連候補","関連候補（車両・固定費バッチ）","Keyword Planner「新しいキーワードを見つける」","10～100","低","—","—","0%","0%","—","2025年7月～2026年6月（過去12か月）","日本","日本語（指標照合のみ全言語）","Google","2026-08-11",""
"2t トラック 車検 代","","Google関連候補","関連候補（車両・固定費バッチ）","Keyword Planner「新しいキーワードを見つける」","10～100","低","—","—","0%","0%","—","2025年7月～2026年6月（過去12か月）","日本","日本語（指標照合のみ全言語）","Google","2026-08-11",""
"2t 車 車検 費用","","Google関連候補","関連候補（車両・固定費バッチ）","Keyword Planner「新しいキーワードを見つける」","10～100","低","—","—","0%","0%","—","2025年7月～2026年6月（過去12か月）","日本","日本語（指標照合のみ全言語）","Google","2026-08-11",""
"3 t ダンプ 車検 費用","","Google関連候補","関連候補（車両・固定費バッチ）","Keyword Planner「新しいキーワードを見つける」","10～100","低","—","—","0%","0%","—","2025年7月～2026年6月（過去12か月）","日本","日本語（指標照合のみ全言語）","Google","2026-08-11",""
"3 ヶ月 点検 トラック 費用","","Google関連候補","関連候補（車両・固定費バッチ）","Keyword Planner「新しいキーワードを見つける」","10～100","低","—","—","0%","+∞","—","2025年7月～2026年6月（過去12か月）","日本","日本語（指標照合のみ全言語）","Google","2026-08-11",""
"3t トラック 車検 費用","","Google関連候補","関連候補（車両・固定費バッチ）","Keyword Planner「新しいキーワードを見つける」","10～100","低","—","—","0%","0%","—","2025年7月～2026年6月（過去12か月）","日本","日本語（指標照合のみ全言語）","Google","2026-08-11",""
"4 トン 車検 費用","","Google関連候補","関連候補（車両・固定費バッチ）","Keyword Planner「新しいキーワードを見つける」","10～100","低","—","—","0%","0%","—","2025年7月～2026年6月（過去12か月）","日本","日本語（指標照合のみ全言語）","Google","2026-08-11",""
"4 トンダンプ 車検 費用","","Google関連候補","関連候補（車両・固定費バッチ）","Keyword Planner「新しいキーワードを見つける」","10～100","低","￥99","￥246","0%","0%","—","2025年7月～2026年6月（過去12か月）","日本","日本語（指標照合のみ全言語）","Google","2026-08-11",""
"4 トントラック 車検","","Google関連候補","関連候補（車両・固定費バッチ）","Keyword Planner「新しいキーワードを見つける」","10～100","低","—","—","0%","0%","—","2025年7月～2026年6月（過去12か月）","日本","日本語（指標照合のみ全言語）","Google","2026-08-11",""
"4 トントラック 車検 代","","Google関連候補","関連候補（車両・固定費バッチ）","Keyword Planner「新しいキーワードを見つける」","10～100","低","—","—","0%","0%","—","2025年7月～2026年6月（過去12か月）","日本","日本語（指標照合のみ全言語）","Google","2026-08-11",""
"4 ナンバー トラック 車検 費用","","Google関連候補","関連候補（車両・固定費バッチ）","Keyword Planner「新しいキーワードを見つける」","10～100","低","—","—","0%","0%","—","2025年7月～2026年6月（過去12か月）","日本","日本語（指標照合のみ全言語）","Google","2026-08-11",""
"4t ダンプ 車検 費用","","Google関連候補","関連候補（車両・固定費バッチ）","Keyword Planner「新しいキーワードを見つける」","10～100","低","—","—","0%","0%","—","2025年7月～2026年6月（過去12か月）","日本","日本語（指標照合のみ全言語）","Google","2026-08-11",""
"4t トラック 車検 費用","","Google関連候補","関連候補（車両・固定費バッチ）","Keyword Planner「新しいキーワードを見つける」","10～100","低","—","—","0%","0%","—","2025年7月～2026年6月（過去12か月）","日本","日本語（指標照合のみ全言語）","Google","2026-08-11",""
"サニトラ 車検 費用","","Google関連候補","関連候補（車両・固定費バッチ）","Keyword Planner「新しいキーワードを見つける」","10～100","低","—","—","0%","0%","—","2025年7月～2026年6月（過去12か月）","日本","日本語（指標照合のみ全言語）","Google","2026-08-11",""
"サニー トラック 車検 費用","","Google関連候補","関連候補（車両・固定費バッチ）","Keyword Planner「新しいキーワードを見つける」","10～100","低","—","—","0%","+∞","—","2025年7月～2026年6月（過去12か月）","日本","日本語（指標照合のみ全言語）","Google","2026-08-11",""
"タウンエース トラック 車検 費用","","Google関連候補","関連候補（車両・固定費バッチ）","Keyword Planner「新しいキーワードを見つける」","10～100","低","—","—","0%","0%","—","2025年7月～2026年6月（過去12か月）","日本","日本語（指標照合のみ全言語）","Google","2026-08-11",""
"ダットサン トラック 車検 費用","","Google関連候補","関連候補（車両・固定費バッチ）","Keyword Planner「新しいキーワードを見つける」","10～100","低","—","—","0%","0%","—","2025年7月～2026年6月（過去12か月）","日本","日本語（指標照合のみ全言語）","Google","2026-08-11",""
"トラック 3 ヶ月 点検 費用","","Google関連候補","関連候補（車両・固定費バッチ）","Keyword Planner「新しいキーワードを見つける」","10～100","低","—","—","0%","0%","—","2025年7月～2026年6月（過去12か月）","日本","日本語（指標照合のみ全言語）","Google","2026-08-11",""
"トラック の 車検 代","","Google関連候補","関連候補（車両・固定費バッチ）","Keyword Planner「新しいキーワードを見つける」","10～100","低","—","—","0%","0%","—","2025年7月～2026年6月（過去12か月）","日本","日本語（指標照合のみ全言語）","Google","2026-08-11",""
"トラック ユーザー 車検 費用","","Google関連候補","関連候補（車両・固定費バッチ）","Keyword Planner「新しいキーワードを見つける」","10～100","低","—","—","0%","0%","—","2025年7月～2026年6月（過去12か月）","日本","日本語（指標照合のみ全言語）","Google","2026-08-11",""
"トラック 三 ヶ月 点検 費用","","Google関連候補","関連候補（車両・固定費バッチ）","Keyword Planner「新しいキーワードを見つける」","10～100","低","—","—","0%","0%","—","2025年7月～2026年6月（過去12か月）","日本","日本語（指標照合のみ全言語）","Google","2026-08-11",""
"トラック 法定 点検 費用","","Google関連候補","関連候補（車両・固定費バッチ）","Keyword Planner「新しいキーワードを見つける」","10～100","低","—","—","0%","0%","—","2025年7月～2026年6月（過去12か月）","日本","日本語（指標照合のみ全言語）","Google","2026-08-11",""
"トラック 法定 費用","","Google関連候補","関連候補（車両・固定費バッチ）","Keyword Planner「新しいキーワードを見つける」","10～100","低","—","—","0%","0%","—","2025年7月～2026年6月（過去12か月）","日本","日本語（指標照合のみ全言語）","Google","2026-08-11",""
"トラック 車検 代","","Google関連候補","関連候補（車両・固定費バッチ）","Keyword Planner「新しいキーワードを見つける」","10～100","低","—","—","0%","0%","—","2025年7月～2026年6月（過去12か月）","日本","日本語（指標照合のみ全言語）","Google","2026-08-11",""
"トラック 車検 基本 料金","","Google関連候補","関連候補（車両・固定費バッチ）","Keyword Planner「新しいキーワードを見つける」","10～100","低","—","—","0%","0%","—","2025年7月～2026年6月（過去12か月）","日本","日本語（指標照合のみ全言語）","Google","2026-08-11",""
"トラック 車検 料金","","Google関連候補","関連候補（車両・固定費バッチ）","Keyword Planner「新しいキーワードを見つける」","10～100","低","—","—","0%","0%","—","2025年7月～2026年6月（過去12か月）","日本","日本語（指標照合のみ全言語）","Google","2026-08-11",""
"トラック 車検 法定 費用","","Google関連候補","関連候補（車両・固定費バッチ）","Keyword Planner「新しいキーワードを見つける」","10～100","低","—","—","0%","0%","—","2025年7月～2026年6月（過去12か月）","日本","日本語（指標照合のみ全言語）","Google","2026-08-11",""
"トラック 車検 相場","","Google関連候補","関連候補（車両・固定費バッチ）","Keyword Planner「新しいキーワードを見つける」","10～100","低","—","—","0%","0%","—","2025年7月～2026年6月（過去12か月）","日本","日本語（指標照合のみ全言語）","Google","2026-08-11",""
"トラック 車検 諸 費用","","Google関連候補","関連候補（車両・固定費バッチ）","Keyword Planner「新しいキーワードを見つける」","10～100","低","—","—","0%","0%","—","2025年7月～2026年6月（過去12か月）","日本","日本語（指標照合のみ全言語）","Google","2026-08-11",""
"トラック 車検 金額","","Google関連候補","関連候補（車両・固定費バッチ）","Keyword Planner「新しいキーワードを見つける」","10～100","低","—","—","0%","0%","—","2025年7月～2026年6月（過去12か月）","日本","日本語（指標照合のみ全言語）","Google","2026-08-11",""
"バネット トラック 車検 費用","","Google関連候補","関連候補（車両・固定費バッチ）","Keyword Planner「新しいキーワードを見つける」","10～100","低","—","—","0%","0%","—","2025年7月～2026年6月（過去12か月）","日本","日本語（指標照合のみ全言語）","Google","2026-08-11",""
"ミニキャブ 車検 費用","","Google関連候補","関連候補（車両・固定費バッチ）","Keyword Planner「新しいキーワードを見つける」","10～100","中","￥102","￥172","0%","0%","—","2025年7月～2026年6月（過去12か月）","日本","日本語（指標照合のみ全言語）","Google","2026-08-11",""
"ユーザー 車検 軽 トラ","","Google関連候補","関連候補（車両・固定費バッチ）","Keyword Planner「新しいキーワードを見つける」","10～100","低","—","—","-90%","0%","—","2025年7月～2026年6月（過去12か月）","日本","日本語（指標照合のみ全言語）","Google","2026-08-11",""
"二 トンダンプ 車検 費用","","Google関連候補","関連候補（車両・固定費バッチ）","Keyword Planner「新しいキーワードを見つける」","10～100","低","—","—","0%","0%","—","2025年7月～2026年6月（過去12か月）","日本","日本語（指標照合のみ全言語）","Google","2026-08-11",""
"二 トントラック 車検 費用","","Google関連候補","関連候補（車両・固定費バッチ）","Keyword Planner「新しいキーワードを見つける」","10～100","低","—","—","0%","0%","—","2025年7月～2026年6月（過去12か月）","日本","日本語（指標照合のみ全言語）","Google","2026-08-11",""
"大型 ダンプ 車検 法定 費用","","Google関連候補","関連候補（車両・固定費バッチ）","Keyword Planner「新しいキーワードを見つける」","10～100","—","—","—","-100%","-100%","—","2025年7月～2026年6月（過去12か月）","日本","日本語（指標照合のみ全言語）","Google","2026-08-11",""
"大型 トラック の 車検 費用","","Google関連候補","関連候補（車両・固定費バッチ）","Keyword Planner「新しいキーワードを見つける」","100～1000","低","—","—","0%","0%","—","2025年7月～2026年6月（過去12か月）","日本","日本語（指標照合のみ全言語）","Google","2026-08-11",""
"大型 トラック 車検 代","","Google関連候補","関連候補（車両・固定費バッチ）","Keyword Planner「新しいキーワードを見つける」","10～100","低","—","—","0%","0%","—","2025年7月～2026年6月（過去12か月）","日本","日本語（指標照合のみ全言語）","Google","2026-08-11",""
"大型 トラック 車検 諸 費用","","Google関連候補","関連候補（車両・固定費バッチ）","Keyword Planner「新しいキーワードを見つける」","10～100","低","—","—","0%","0%","—","2025年7月～2026年6月（過去12か月）","日本","日本語（指標照合のみ全言語）","Google","2026-08-11",""
"大型 車 車検 代","","Google関連候補","関連候補（車両・固定費バッチ）","Keyword Planner「新しいキーワードを見つける」","10～100","低","—","—","0%","0%","—","2025年7月～2026年6月（過去12か月）","日本","日本語（指標照合のみ全言語）","Google","2026-08-11",""
"小型 トラック 車検 費用","","Google関連候補","関連候補（車両・固定費バッチ）","Keyword Planner「新しいキーワードを見つける」","10～100","低","—","—","0%","0%","—","2025年7月～2026年6月（過去12か月）","日本","日本語（指標照合のみ全言語）","Google","2026-08-11",""
"貨物 自動車 車検 費用","","Google関連候補","関連候補（車両・固定費バッチ）","Keyword Planner「新しいキーワードを見つける」","10～100","低","￥94","￥266","0%","0%","—","2025年7月～2026年6月（過去12か月）","日本","日本語（指標照合のみ全言語）","Google","2026-08-11",""
"車検 費用 トラック","","Google関連候補","関連候補（車両・固定費バッチ）","Keyword Planner「新しいキーワードを見つける」","100～1000","低","￥119","￥300","0%","0%","—","2025年7月～2026年6月（過去12か月）","日本","日本語（指標照合のみ全言語）","Google","2026-08-11",""
"車検 費用 軽 トラ","","Google関連候補","関連候補（車両・固定費バッチ）","Keyword Planner「新しいキーワードを見つける」","1000～1万","低","￥62","￥224","0%","0%","—","2025年7月～2026年6月（過去12か月）","日本","日本語（指標照合のみ全言語）","Google","2026-08-11",""
"車検 費用 軽 トラック","","Google関連候補","関連候補（車両・固定費バッチ）","Keyword Planner「新しいキーワードを見つける」","100～1000","低","￥61","￥200","0%","0%","—","2025年7月～2026年6月（過去12か月）","日本","日本語（指標照合のみ全言語）","Google","2026-08-11",""
"軽 トラ 法定 費用","","Google関連候補","関連候補（車両・固定費バッチ）","Keyword Planner「新しいキーワードを見つける」","10～100","低","—","—","0%","0%","—","2025年7月～2026年6月（過去12か月）","日本","日本語（指標照合のみ全言語）","Google","2026-08-11",""
"軽 トラ 車検 代 相場","","Google関連候補","関連候補（車両・固定費バッチ）","Keyword Planner「新しいキーワードを見つける」","10～100","中","￥28","￥198","0%","0%","—","2025年7月～2026年6月（過去12か月）","日本","日本語（指標照合のみ全言語）","Google","2026-08-11",""
"軽 トラ 車検 価格","","Google関連候補","関連候補（車両・固定費バッチ）","Keyword Planner「新しいキーワードを見つける」","10～100","低","—","—","0%","0%","—","2025年7月～2026年6月（過去12か月）","日本","日本語（指標照合のみ全言語）","Google","2026-08-11",""
"軽 トラック ユーザー 車検 費用","","Google関連候補","関連候補（車両・固定費バッチ）","Keyword Planner「新しいキーワードを見つける」","10～100","低","—","—","0%","0%","—","2025年7月～2026年6月（過去12か月）","日本","日本語（指標照合のみ全言語）","Google","2026-08-11",""
"軽 トラック 車検 値段","","Google関連候補","関連候補（車両・固定費バッチ）","Keyword Planner「新しいキーワードを見つける」","10～100","低","—","—","0%","0%","—","2025年7月～2026年6月（過去12か月）","日本","日本語（指標照合のみ全言語）","Google","2026-08-11",""
"軽 トラック 車検 料金","","Google関連候補","関連候補（車両・固定費バッチ）","Keyword Planner「新しいキーワードを見つける」","10～100","中","￥75","￥246","+∞","0%","—","2025年7月～2026年6月（過去12か月）","日本","日本語（指標照合のみ全言語）","Google","2026-08-11",""
"軽 トラック 車検 法定 費用","","Google関連候補","関連候補（車両・固定費バッチ）","Keyword Planner「新しいキーワードを見つける」","10～100","低","￥7","￥75","0%","0%","—","2025年7月～2026年6月（過去12か月）","日本","日本語（指標照合のみ全言語）","Google","2026-08-11",""
"軽 トラック 車検 相場","","Google関連候補","関連候補（車両・固定費バッチ）","Keyword Planner「新しいキーワードを見つける」","10～100","低","—","—","0%","0%","—","2025年7月～2026年6月（過去12か月）","日本","日本語（指標照合のみ全言語）","Google","2026-08-11",""
"10 トントラック 車検 費用","","Google関連候補","関連候補（車両・固定費バッチ）","Keyword Planner「新しいキーワードを見つける」","10～100","低","—","—","0%","0%","—","2025年7月～2026年6月（過去12か月）","日本","日本語（指標照合のみ全言語）","Google","2026-08-11",""
"10t ダンプ 車検 費用","","Google関連候補","関連候補（車両・固定費バッチ）","Keyword Planner「新しいキーワードを見つける」","10～100","低","—","—","0%","0%","—","2025年7月～2026年6月（過去12か月）","日本","日本語（指標照合のみ全言語）","Google","2026-08-11",""
"運送 業 高速 代 支払い","運送業 高速代 支払い","指定KW","燃料・給与・固定費系","Keyword Planner「新しいキーワードを見つける」","0～10","—","—","—","—","—","—","2025年7月～2026年6月（過去12か月）","日本","日本語（指標照合のみ全言語）","Google","2026-08-11",""
"運送 会社 社会 保険 払え ない","運送会社 社会保険 払えない","指定KW","燃料・給与・固定費系","Keyword Planner「新しいキーワードを見つける」","0～10","—","—","—","—","—","—","2025年7月～2026年6月（過去12か月）","日本","日本語（指標照合のみ全言語）","Google","2026-08-11",""
"トラック 修理 費 払え ない","トラック 修理費 払えない","指定KW","車両系","Keyword Planner「新しいキーワードを見つける」","0～10","—","—","—","—","—","—","2025年7月～2026年6月（過去12か月）","日本","日本語（指標照合のみ全言語）","Google","2026-08-11",""
"トラック 修理 資金","トラック 修理 資金","指定KW","車両系","Keyword Planner「新しいキーワードを見つける」","0～10","—","—","—","—","—","—","2025年7月～2026年6月（過去12か月）","日本","日本語（指標照合のみ全言語）","Google","2026-08-11",""
"運送 会社 車両 修理 資金","運送会社 車両修理 資金","指定KW","車両系","Keyword Planner「新しいキーワードを見つける」","0～10","—","—","—","—","—","—","2025年7月～2026年6月（過去12か月）","日本","日本語（指標照合のみ全言語）","Google","2026-08-11",""
"トラック 購入 資金","トラック 購入 資金","指定KW","車両系","Keyword Planner「新しいキーワードを見つける」","0～10","—","—","—","—","—","—","2025年7月～2026年6月（過去12か月）","日本","日本語（指標照合のみ全言語）","Google","2026-08-11",""
"運送 業 資金 調達","運送業 資金調達","指定KW","王道KW","Keyword Planner「新しいキーワードを見つける」","10～100","低","￥344","￥1,101","0%","0%","—","2025年7月～2026年6月（過去12か月）","日本","日本語（指標照合のみ全言語）","Google","2026-08-11",""
"運送 業 開業 資金 調達","","Google関連候補","関連候補（入金ギャップ・王道バッチ）","Keyword Planner「新しいキーワードを見つける」","10～100","中","￥129","￥767","0%","0%","—","2025年7月～2026年6月（過去12か月）","日本","日本語（指標照合のみ全言語）","Google","2026-08-11",""
"輸送 株価","","Google関連候補","関連候補（入金ギャップ・王道バッチ）","Keyword Planner「新しいキーワードを見つける」","10～100","低","—","—","+900%","+900%","—","2025年7月～2026年6月（過去12か月）","日本","日本語（指標照合のみ全言語）","Google","2026-08-11",""
"仕事 ある の に 資金 が ない","仕事あるのに資金がない","指定KW","入金ギャップ・受注系","Keyword Planner「新しいキーワードを見つける」","0～10","—","—","—","—","—","—","2025年7月～2026年6月（過去12か月）","日本","日本語（指標照合のみ全言語）","Google","2026-08-11",""
"受注 した けど 資金 が ない","受注したけど資金がない","指定KW","入金ギャップ・受注系","Keyword Planner「新しいキーワードを見つける」","0～10","—","—","—","—","—","—","2025年7月～2026年6月（過去12か月）","日本","日本語（指標照合のみ全言語）","Google","2026-08-11",""
"新規 受注 運転 資金","新規受注 運転資金","指定KW","入金ギャップ・受注系","Keyword Planner「新しいキーワードを見つける」","0～10","—","—","—","—","—","—","2025年7月～2026年6月（過去12か月）","日本","日本語（指標照合のみ全言語）","Google","2026-08-11",""
"売上 増え た 資金繰り","売上増えた 資金繰り","指定KW","入金ギャップ・受注系","Keyword Planner「新しいキーワードを見つける」","0～10","—","—","—","—","—","—","2025年7月～2026年6月（過去12か月）","日本","日本語（指標照合のみ全言語）","Google","2026-08-11",""
"運送 会社 融資","運送会社 融資","指定KW","王道KW","Keyword Planner「新しいキーワードを見つける」","0～10","—","—","—","—","—","—","2025年7月～2026年6月（過去12か月）","日本","日本語（指標照合のみ全言語）","Google","2026-08-11",""
"運送 業 ビジネス ローン","運送業 ビジネスローン","指定KW","王道KW","Keyword Planner「新しいキーワードを見つける」","0～10","—","—","—","—","—","—","2025年7月～2026年6月（過去12か月）","日本","日本語（指標照合のみ全言語）","Google","2026-08-11",""
"運送 業 事業 資金","運送業 事業資金","指定KW","王道KW","Keyword Planner「新しいキーワードを見つける」","0～10","—","—","—","—","—","—","2025年7月～2026年6月（過去12か月）","日本","日本語（指標照合のみ全言語）","Google","2026-08-11",""
"トラック 増車 資金","トラック 増車 資金","指定KW","車両系","Keyword Planner「検索のボリュームと予測のデータを確認する」","—","—","—","—","—","—","—","2025年7月～2026年6月（過去12か月）","日本","日本語（指標照合のみ全言語）","Google","2026-08-11","Keyword Planner上で指標はすべて「—」表示"
"運送業 入金サイト","運送業 入金サイト","指定KW","入金ギャップ・受注系","Keyword Planner「検索のボリュームと予測のデータを確認する」","—","—","—","—","—","—","—","2025年7月～2026年6月（過去12か月）","日本","日本語（指標照合のみ全言語）","Google","2026-08-11","Keyword Planner上で指標はすべて「—」表示"
"運賃 入金 遅い","運賃 入金 遅い","指定KW","入金ギャップ・受注系","Keyword Planner「検索のボリュームと予測のデータを確認する」","—","—","—","—","—","—","—","2025年7月～2026年6月（過去12か月）","日本","日本語（指標照合のみ全言語）","Google","2026-08-11","Keyword Planner上で指標はすべて「—」表示"
"運送業 即日融資","運送業 即日融資","指定KW","王道KW","Keyword Planner「検索のボリュームと予測のデータを確認する」","—","—","—","—","—","—","—","2025年7月～2026年6月（過去12か月）","日本","日本語（指標照合のみ全言語）","Google","2026-08-11","Keyword Planner上で指標はすべて「—」表示"
